test_pred,test_truth
1.4775,1.39
0.855,1.04
1.8920000000000001,1.94
1.4100000000000001,1.12
1.22,1.51
0.855,0.69
1.8133333333333335,1.74
1.3699999999999999,1.27
1.32,1.49
1.1933333333333334,1.17
1.668,1.57
1.8133333333333335,1.78
0.855,0.88
1.8920000000000001,1.85
1.668,1.74
1.5833333333333333,1.66
1.6919999999999997,1.89
1.8133333333333335,1.8
1.1933333333333334,1.23
1.8133333333333335,2.12
1.1433333333333333,1.34
1.2266666666666668,1.2
