test_pred,test_truth
1.6,1.55
1.87,2.54
1.51,1.43
1.8550000000000002,1.87
1.8083333333333333,1.74
1.275,1.23
1.1949999999999998,1.17
1.44,1.38
1.8550000000000002,1.79
1.8550000000000002,1.9
1.71,1.51
1.72,1.74
1.71,1.4
1.7,1.71
1.17,1.17
1.04,0.88
1.71,1.19
0.96,0.74
1.275,1.27
1.9725,1.57
1.38,1.89
1.86,1.82
