test_pred,test_truth
1.376,1.39
1.29,1.04
1.8780000000000001,1.94
0.9480000000000001,1.12
1.324,1.51
0.9179999999999999,0.69
1.8380000000000003,1.74
1.0219999999999998,1.27
1.37,1.49
1.228,1.17
1.704,1.57
1.8380000000000003,1.78
0.9400000000000001,0.88
1.86,1.85
1.748,1.74
1.638,1.66
1.534,1.89
1.828,1.8
1.2280000000000002,1.23
1.8380000000000003,2.12
1.1280000000000001,1.34
1.3239999999999998,1.2
