test_pred,test_truth
1.5020323,1.39
1.1557407,1.04
1.8980063,1.94
1.3393918,1.12
1.399252,1.51
0.9941244,0.69
1.7414365,1.74
1.2916491,1.27
1.3825145,1.49
0.7564062,1.17
1.5890279,1.57
1.7616398,1.78
1.0348859,0.88
1.8998833,1.85
1.7565565,1.74
1.6432089,1.66
1.516479,1.89
1.8134897,1.8
1.193613,1.23
1.6756591,2.12
1.3132167,1.34
1.1279246,1.2
