test_pred,test_truth
1.2564619,1.39
1.1663384,1.04
1.8866607,1.94
1.2211094,1.12
1.4623333,1.51
0.890096,0.69
1.7803229,1.74
1.2946436,1.27
1.3460423,1.49
0.79574573,1.17
1.6419119,1.57
1.7363648,1.78
1.0431261,0.88
1.844534,1.85
1.7511816,1.74
1.649404,1.66
1.4948363,1.89
1.7968361,1.8
1.2159624,1.23
1.7116598,2.12
1.2714946,1.34
1.0919201,1.2
