test_pred,test_truth
0.8579999999999999,1.89
1.2157142857142857,1.17
0.8579999999999999,0.88
1.1066666666666665,1.23
1.55,1.73
1.564,1.38
1.564,1.4
0.8579999999999999,1.28
0.8579999999999999,2.12
0.8579999999999999,0.7
