test_pred,test_truth
1.217111376463776,1.89
1.1451865778458077,1.17
1.1573822399258316,0.88
1.099231740002626,1.23
1.099359198278482,1.73
1.603935090327167,1.38
1.2085901754508308,1.4
1.0956020037435483,1.28
1.460130121904231,2.12
1.2503209347313602,0.7
