test_pred,test_truth
1.3239339628862083,1.89
1.1231039301322128,1.17
1.15579429758051,0.88
1.1207212416448602,1.23
1.0932922181049987,1.73
1.61921873899575,1.38
1.2274561211246873,1.4
1.2053396523530673,1.28
1.5611225839524905,2.12
1.3452065721909903,0.7
