test_pred,test_truth
0.0,1.89
0.0,1.17
7.476799541836795e-306,0.88
3.3884070275487933e-87,1.23
0.0,1.73
0.0,1.38
0.0,1.4
0.0,1.28
0.0,2.12
0.0,0.7
