test_pred,test_truth
1.456,1.89
1.076,1.17
0.8039999999999999,0.88
1.2280000000000002,1.23
1.196,1.73
1.3940000000000001,1.38
1.2879999999999998,1.4
1.1219999999999999,1.28
1.2319999999999998,2.12
1.4419999999999997,0.7
