test_pred,test_truth
1.470697148330593,1.89
1.085202029579123,1.17
0.8168421052631578,0.88
1.2285714285714286,1.23
1.2691872038592804,1.73
1.3808507618777965,1.38
1.3207309530503233,1.4
1.1208975533547434,1.28
1.1677980302693212,2.12
1.4857057826548883,0.7
