test_pred,test_truth
1.3237903885503728,1.89
1.120965202912826,1.17
1.1587336822491683,0.88
1.1265254763562895,1.23
1.0935459343443599,1.73
1.6223089258369496,1.38
1.2331563164187325,1.4
1.2053116773698807,1.28
1.560747810911357,2.12
1.3433306210912546,0.7
