test_pred,test_truth
1.056450309664685,1.89
1.058873636211122,1.17
0.9127690640948982,0.88
1.244078113169432,1.23
1.376700462570173,1.73
1.4729564784055662,1.38
1.3723644891668036,1.4
0.9139098918898277,1.28
1.341531145214399,2.12
1.086382993404514,0.7
