test_pred,test_truth
0.6030432365647617,1.89
0.9100683070222086,1.17
0.7992449627857731,0.88
1.190026689603107,1.23
1.861238556383967,1.73
1.5216463386839285,1.38
1.3205404219423835,1.4
0.4580279784100102,1.28
0.8930737528742646,2.12
0.7165739874837002,0.7
