test_pred,test_truth
1.2664,1.89
1.2062000000000004,1.17
0.7993999999999994,0.88
1.2067000000000012,1.23
1.7736999999999994,1.73
1.2914999999999994,1.38
1.3637999999999997,1.4
1.1438000000000001,1.28
1.2978999999999998,2.12
0.991099999999999,0.7
