test_pred,test_truth
1.2185179792364804,1.89
1.2306488076943451,1.17
0.8295707451002733,0.88
1.2040023406046994,1.23
1.7527896055697063,1.73
1.3020514807455112,1.38
1.2986169548725837,1.4
1.119957042950544,1.28
1.235584635478284,2.12
1.0452207911178923,0.7
