test_pred,test_truth
1.122449657612711,1.89
1.0228704721123436,1.17
0.8061961124906245,0.88
1.2770010252143786,1.23
1.5866330490235434,1.73
1.462703486137552,1.38
1.4028115566970838,1.4
0.982660178187483,1.28
1.4020286164631672,2.12
1.0067601587725874,0.7
