test_pred,test_truth
1.1160479340825897,1.89
1.027921762036915,1.17
0.8258358615937333,0.88
1.2775731394010348,1.23
1.5431811429545053,1.73
1.458891186373664,1.38
1.4046500830526112,1.4
0.9748513300252823,1.28
1.3984411421972045,2.12
1.0369693963729982,0.7
