test_pred,test_truth
1.3744955175343858,1.89
1.021043252458129,1.17
0.9247933441912892,0.88
1.1823940621419082,1.23
1.0180484834789738,1.73
1.2266547132074945,1.38
1.4172096403820416,1.4
1.173316057054696,1.28
0.985488968988989,2.12
1.3304369562939542,0.7
