test_pred,test_truth
0.6935954532509385,1.89
0.9037220194418041,1.17
0.8501154427831097,0.88
1.1578911566011556,1.23
1.7885396108021923,1.73
1.4873458059155127,1.38
1.2901934069331873,1.4
0.5465929528627129,1.28
0.98760045381093,2.12
0.932680606835649,0.7
