test_pred,test_truth
1.2091255,1.89
1.1522695,1.17
0.8627896,0.88
1.2210809,1.23
1.5828943,1.73
1.673525,1.38
1.434892,1.4
1.2784272,1.28
1.3102442,2.12
0.82051766,0.7
