test_pred,test_truth
1.1683306,1.89
1.1710637,1.17
1.0520895,0.88
1.216057,1.23
1.8079673,1.73
1.870263,1.38
1.4867345,1.4
1.1319894,1.28
1.161045,2.12
0.90466,0.7
