test_pred,test_truth
1.7149999999999999,1.71
1.7433333333333332,1.74
1.2999999999999998,1.33
1.7433333333333332,1.78
0.56,1.17
1.7933333333333332,1.93
1.6524999999999999,1.61
1.295,1.51
1.565,1.54
2.0949999999999998,2.18
1.81,1.8
1.56,1.69
1.53,1.55
1.935,1.96
1.74,1.82
1.565,0.96
1.47,1.19
1.6524999999999999,1.66
1.2999999999999998,1.24
1.74,1.75
1.565,1.62
1.2650000000000001,1.26
1.5,1.4
1.27,1.28
1.66,1.64
1.525,1.38
1.7433333333333332,1.8
1.295,1.43
1.27,0.82
0.88,0.69
