test_pred,test_truth
1.7099422,1.71
1.7424285,1.74
1.2614628,1.33
1.749076,1.78
0.80369705,1.17
1.848916,1.93
1.6536064,1.61
1.423237,1.51
1.5675166,1.54
2.0178146,2.18
1.8021846,1.8
1.6776581,1.69
1.4091035,1.55
1.8585285,1.96
1.7206383,1.82
1.3440745,0.96
1.1682186,1.19
1.6565979,1.66
1.2588862,1.24
1.7322336,1.75
1.6397762,1.62
1.2588387,1.26
1.4679047,1.4
1.2629968,1.28
1.7310731,1.64
1.451818,1.38
1.7525877,1.8
1.4763871,1.43
1.0238341,0.82
0.94506973,0.69
