test_pred,test_truth
1.712837,1.71
1.7433959,1.74
1.2736069,1.33
1.8145835,1.78
0.74806505,1.17
1.8829402,1.93
1.576447,1.61
1.4386054,1.51
1.5585891,1.54
2.0425828,2.18
1.8167255,1.8
1.7220595,1.69
1.4551257,1.55
1.9520446,1.96
1.7874429,1.82
1.2204041,0.96
1.236642,1.19
1.635907,1.66
1.2184681,1.24
1.7372298,1.75
1.6253887,1.62
1.2443988,1.26
1.461022,1.4
1.3454373,1.28
1.6507938,1.64
1.391808,1.38
1.7929931,1.8
1.4602482,1.43
1.0157841,0.82
0.8307342,0.69
